{
  "n_examples": 50,
  "judges": [
    "gpt-5",
    "gemini-2.5-pro",
    "grok-4",
    "llama-3.1-70b-instruct",
    "qwen-2.5-72b-instruct",
    "mistral-large-2-2407",
    "deepseek-v3-distill-70b",
    "llama-3.1-8b-instruct",
    "qwen-2.5-7b-instruct",
    "gemma-2-9b-it",
    "phi-3-medium-14b-instruct",
    "mistral-7b-instruct-v0.3"
  ],
  "M1": {
    "mismatch_rate": 0.1,
    "n_mismatch": 5,
    "type_pairs": {
      "mixed->mixed": 45,
      "mixed->revised_draft": 4,
      "revised_draft->mixed": 1
    }
  },
  "M2": {
    "direct_naive": {
      "median": 2.0,
      "mean": 2.12,
      "iqr": [
        2.0,
        3.0
      ]
    },
    "direct_with_claim": {
      "median": 2.0,
      "mean": 2.12,
      "iqr": [
        2.0,
        3.0
      ]
    },
    "projection_driven": {
      "median": 2.0,
      "mean": 2.12,
      "iqr": [
        2.0,
        3.0
      ]
    }
  },
  "M3": {
    "direct_with_claim": {
      "median": 0.0,
      "mean": 0.11333333333333333
    },
    "projection_driven": {
      "median": 0.0,
      "mean": 0.115
    }
  },
  "M4": {
    "median": -0.09375,
    "mean": -0.096875,
    "std": 0.11315885585389798,
    "positive_count": 8,
    "n": 50
  },
  "L_settlement_R1": {
    "direct_naive": {
      "mean": 0.07445483851244103,
      "median": 0.020161290322580648,
      "std": 0.08406799389595312
    },
    "direct_with_claim": {
      "mean": 0.15014640035764118,
      "median": 0.13818181818181818,
      "std": 0.1388688192853719
    },
    "projection_driven": {
      "mean": 0.20616507866088965,
      "median": 0.21354166666666666,
      "std": 0.14016027027835656
    }
  },
  "paired_diffs_L_settlement_R1": {
    "direct_naive_minus_projection_driven": {
      "mean": -0.13171024014844862,
      "median": -0.1310483870967742
    },
    "direct_naive_minus_direct_with_claim": {
      "mean": -0.07569156184520016,
      "median": -0.0372067448680352
    }
  }
}