{
  "n_examples": 310,
  "d_C_cos_mean": 0.10372849095616427,
  "d_C_cos_median": 0.08140335842463797,
  "d_W_cos_mean": 0.01629204322830047,
  "d_W_cos_median": 0.01623976399619393,
  "R_mean": 10.174413705191236,
  "R_median": 5.401447458942244,
  "R_gt_1_count": 292,
  "R_gt_1_2_count": 287,
  "paired_diff_mean": 0.08754831465678786,
  "paired_diff_ci_95": [
    0.07812181735735892,
    0.09767995296997282
  ],
  "by_class": {
    "single": {
      "n": 190,
      "mean": NaN,
      "median": NaN
    },
    "control": {
      "n": 27,
      "mean": 0.13773544891923123,
      "median": 0.08602520411119478
    },
    "dual": {
      "n": 61,
      "mean": NaN,
      "median": NaN
    },
    "ambiguous": {
      "n": 31,
      "mean": NaN,
      "median": NaN
    }
  },
  "by_knowledge_gating": {
    "low": {
      "n": 204,
      "mean": NaN,
      "median": NaN
    },
    "moderate": {
      "n": 69,
      "mean": NaN,
      "median": NaN
    },
    "high": {
      "n": 36,
      "mean": NaN,
      "median": NaN
    }
  },
  "clarification_per_family": {
    "gpt-5": 106,
    "gemini-2.5-pro": 217,
    "grok-4": 211
  }
}