{
  "direct_naive": {
    "L_calibration": {
      "mean": NaN,
      "ci_lo": NaN,
      "ci_hi": NaN,
      "n_examples": 0
    },
    "L_overclaim": {
      "mean": NaN,
      "ci_lo": NaN,
      "ci_hi": NaN,
      "n_examples": 0
    },
    "L_settlement_R1_weighted": {
      "mean": 0.07172864803625055,
      "ci_lo": 0.04998766747025699,
      "ci_hi": 0.09479369350982222,
      "n_examples": 50
    },
    "L_settlement_R1_uniform": {
      "mean": 0.07416666666666666,
      "ci_lo": 0.05166666666666666,
      "ci_hi": 0.0975,
      "n_examples": 50
    },
    "L_settlement_RX": {
      "mean": 0.10181451612903226,
      "ci_lo": 0.09334677419354839,
      "ci_hi": 0.11048387096774194,
      "n_examples": 310
    },
    "L_projection__gpt-5": {
      "mean": 0.09583566153813833,
      "ci_lo": 0.08446062817819565,
      "ci_hi": 0.10729494509521532,
      "n_examples": 50
    },
    "L_projection__gemini-2.5-pro": {
      "mean": 0.12079348839196447,
      "ci_lo": 0.10704553737679107,
      "ci_hi": 0.13440099314481976,
      "n_examples": 50
    },
    "L_projection__grok-4": {
      "mean": 0.22158902989492765,
      "ci_lo": 0.18840912492435777,
      "ci_hi": 0.2573364249758228,
      "n_examples": 46
    }
  },
  "direct_with_claim": {
    "L_calibration": {
      "mean": 0.13133333333333333,
      "ci_lo": 0.10575000000000001,
      "ci_hi": 0.15958541666666662,
      "n_examples": 50
    },
    "L_overclaim": {
      "mean": 0.05691666666666667,
      "ci_lo": 0.030583333333333337,
      "ci_hi": 0.08916874999999998,
      "n_examples": 50
    },
    "L_settlement_R1_weighted": {
      "mean": 0.1578541131649126,
      "ci_lo": 0.1214289727928213,
      "ci_hi": 0.19708086637747654,
      "n_examples": 50
    },
    "L_settlement_R1_uniform": {
      "mean": 0.15937500000000002,
      "ci_lo": 0.1225,
      "ci_hi": 0.19875,
      "n_examples": 50
    },
    "L_settlement_RX": {
      "mean": 0.21008064516129032,
      "ci_lo": 0.19858618951612902,
      "ci_hi": 0.2213709677419355,
      "n_examples": 310
    },
    "L_projection__gpt-5": {
      "mean": 0.09583566153813833,
      "ci_lo": 0.08446062817819565,
      "ci_hi": 0.10729494509521532,
      "n_examples": 50
    },
    "L_projection__gemini-2.5-pro": {
      "mean": 0.12079348839196447,
      "ci_lo": 0.10704553737679107,
      "ci_hi": 0.13440099314481976,
      "n_examples": 50
    },
    "L_projection__grok-4": {
      "mean": 0.22158902989492765,
      "ci_lo": 0.18840912492435777,
      "ci_hi": 0.2573364249758228,
      "n_examples": 46
    }
  },
  "projection_driven": {
    "L_calibration": {
      "mean": 0.12890070921985816,
      "ci_lo": 0.09078014184397162,
      "ci_hi": 0.17358156028368793,
      "n_examples": 47
    },
    "L_overclaim": {
      "mean": 0.06010638297872341,
      "ci_lo": 0.03280141843971631,
      "ci_hi": 0.09202127659574469,
      "n_examples": 47
    },
    "L_settlement_R1_weighted": {
      "mean": 0.21027639342139795,
      "ci_lo": 0.17004873523037348,
      "ci_hi": 0.2513989398948705,
      "n_examples": 50
    },
    "L_settlement_R1_uniform": {
      "mean": 0.2125,
      "ci_lo": 0.1725,
      "ci_hi": 0.2533541666666664,
      "n_examples": 50
    },
    "L_settlement_RX": {
      "mean": 0.20090725806451612,
      "ci_lo": 0.18911290322580646,
      "ci_hi": 0.2128024193548387,
      "n_examples": 310
    },
    "L_projection__gpt-5": {
      "mean": 0.09583566153813833,
      "ci_lo": 0.08446062817819565,
      "ci_hi": 0.10729494509521532,
      "n_examples": 50
    },
    "L_projection__gemini-2.5-pro": {
      "mean": 0.12079348839196447,
      "ci_lo": 0.10704553737679107,
      "ci_hi": 0.13440099314481976,
      "n_examples": 50
    },
    "L_projection__grok-4": {
      "mean": 0.22158902989492765,
      "ci_lo": 0.18840912492435777,
      "ci_hi": 0.2573364249758228,
      "n_examples": 46
    }
  },
  "__quality__": {
    "self_claim_parse_failure_rate_per_condition": {
      "direct_naive": {
        "applicable": false
      },
      "direct_with_claim": {
        "applicable": true,
        "n_examples": 50,
        "n_parse_failed": 0,
        "parse_failure_rate": 0.0
      },
      "projection_driven": {
        "applicable": true,
        "n_examples": 50,
        "n_parse_failed": 3,
        "parse_failure_rate": 0.06
      }
    }
  },
  "paired_deltas": {
    "direct_with_claim_minus_direct_naive": {
      "L_calibration": {
        "mean": NaN,
        "ci_lo": NaN,
        "ci_hi": NaN,
        "n_paired": 0
      },
      "L_overclaim": {
        "mean": NaN,
        "ci_lo": NaN,
        "ci_hi": NaN,
        "n_paired": 0
      },
      "L_settlement_R1_weighted": {
        "mean": 0.08612546512866207,
        "ci_lo": 0.05577724390780658,
        "ci_hi": 0.11862645780973788,
        "n_paired": 50
      },
      "L_settlement_R1_uniform": {
        "mean": 0.08520833333333332,
        "ci_lo": 0.05520833333333334,
        "ci_hi": 0.1175,
        "n_paired": 50
      },
      "L_settlement_RX": {
        "mean": 0.10826612903225806,
        "ci_lo": 0.0971748991935484,
        "ci_hi": 0.11925403225806451,
        "n_paired": 310
      },
      "L_projection__gpt-5": {
        "mean": 0.0,
        "ci_lo": 0.0,
        "ci_hi": 0.0,
        "n_paired": 50
      },
      "L_projection__gemini-2.5-pro": {
        "mean": 0.0,
        "ci_lo": 0.0,
        "ci_hi": 0.0,
        "n_paired": 50
      },
      "L_projection__grok-4": {
        "mean": 0.0,
        "ci_lo": 0.0,
        "ci_hi": 0.0,
        "n_paired": 46
      }
    },
    "projection_driven_minus_direct_naive": {
      "L_calibration": {
        "mean": NaN,
        "ci_lo": NaN,
        "ci_hi": NaN,
        "n_paired": 0
      },
      "L_overclaim": {
        "mean": NaN,
        "ci_lo": NaN,
        "ci_hi": NaN,
        "n_paired": 0
      },
      "L_settlement_R1_weighted": {
        "mean": 0.1385477453851474,
        "ci_lo": 0.10915960135254747,
        "ci_hi": 0.17001278411608317,
        "n_paired": 50
      },
      "L_settlement_R1_uniform": {
        "mean": 0.13833333333333334,
        "ci_lo": 0.10833333333333332,
        "ci_hi": 0.16999999999999996,
        "n_paired": 50
      },
      "L_settlement_RX": {
        "mean": 0.09909274193548387,
        "ci_lo": 0.08568548387096774,
        "ci_hi": 0.1123991935483871,
        "n_paired": 310
      },
      "L_projection__gpt-5": {
        "mean": 0.0,
        "ci_lo": 0.0,
        "ci_hi": 0.0,
        "n_paired": 50
      },
      "L_projection__gemini-2.5-pro": {
        "mean": 0.0,
        "ci_lo": 0.0,
        "ci_hi": 0.0,
        "n_paired": 50
      },
      "L_projection__grok-4": {
        "mean": 0.0,
        "ci_lo": 0.0,
        "ci_hi": 0.0,
        "n_paired": 46
      }
    },
    "projection_driven_minus_direct_with_claim": {
      "L_calibration": {
        "mean": -0.003368794326241128,
        "ci_lo": -0.04556737588652483,
        "ci_hi": 0.04601285460992905,
        "n_paired": 47
      },
      "L_overclaim": {
        "mean": -0.0004432624113475138,
        "ci_lo": -0.02553191489361701,
        "ci_hi": 0.0221653368794326,
        "n_paired": 47
      },
      "L_settlement_R1_weighted": {
        "mean": 0.052422280256485355,
        "ci_lo": 0.016460951865160157,
        "ci_hi": 0.08936478271043483,
        "n_paired": 50
      },
      "L_settlement_R1_uniform": {
        "mean": 0.05312499999999999,
        "ci_lo": 0.016249999999999997,
        "ci_hi": 0.09042187499999992,
        "n_paired": 50
      },
      "L_settlement_RX": {
        "mean": -0.009173387096774193,
        "ci_lo": -0.02308467741935484,
        "ci_hi": 0.0043346774193548385,
        "n_paired": 310
      },
      "L_projection__gpt-5": {
        "mean": 0.0,
        "ci_lo": 0.0,
        "ci_hi": 0.0,
        "n_paired": 50
      },
      "L_projection__gemini-2.5-pro": {
        "mean": 0.0,
        "ci_lo": 0.0,
        "ci_hi": 0.0,